ttr,words_per_t_unit,words_per_clauses,flesch_reading_ease,l2sca_W,l2sca_S,l2sca_VP,l2sca_C,l2sca_T,l2sca_DC,l2sca_CT,l2sca_CP,l2sca_CN,l2sca_MLS,l2sca_MLT,l2sca_MLC,l2sca_C/S,l2sca_VP/T,l2sca_C/T,l2sca_DC/C,l2sca_DC/T,l2sca_T/S,l2sca_CT/T,l2sca_CP/T,l2sca_CP/C,l2sca_CN/T,l2sca_CN/C,lca_wordtypes,lca_swordtypes,lca_lextypes,lca_slextypes,lca_wordtokens,lca_swordtokens,lca_lextokens,lca_slextokens,lca_ld,lca_ls1,lca_ls2,lca_vs1,lca_vs2,lca_cvs1,lca_ndw,lca_ndwz,lca_ndwerz,lca_ndwesz,lca_ttr,lca_msttr,lca_cttr,lca_rttr,lca_logttr,lca_uber,lca_lv,lca_vv1,lca_svv1,lca_cvv1,lca_vv2,lca_nv,lca_adjv,lca_advv,lca_modv
0.028509757578165724,0.02136331484676885,0.024916330734151053,0.021150303342095535,0.008775623576515418,0.0,0.01219551770907545,0.012896532237592944,0.0021257351734447704,0.011858919415922493,0.03361053044981298,0.007915278416933595,0.01508515929538628,0.00849236932819944,0.021345136778159548,0.02374618141529069,0.01124146403412798,0.014757140471502417,0.017663942892752305,0.02477218614963544,0.014416268317267573,0.0016550750654171346,0.0017809957449448459,0.009895668122684201,0.023406170145298198,0.016464402076308192,0.050178086649930696,0.006937716101342253,0.010887911789328995,0.009804274317644326,0.00902030308647049,0.013943907364972452,0.011695264109574425,0.01644276272726111,0.008810000496845308,0.03951092455033608,0.02696600120111845,0.028948847315460435,0.018969003911441455,0.016904170774795675,0.015962422918151455,0.006050649541855396,0.014116396045214794,0.01374577474440215,0.013898135630112607,0.016044048380242946,0.014372832700805463,0.009947397895277644,0.010360947226252379,0.007616963730011438,0.019890555738092824,0.016887864528419522,0.03313216483070364,0.014301273296631958,0.013546643215865198,0.020884705410089535,0.025196872292912488,0.030097234381886728,0.020529800762361296,0.024358139016735367
