ttr,words_per_t_unit,words_per_clauses,flesch_reading_ease,l2sca_W,l2sca_S,l2sca_VP,l2sca_C,l2sca_T,l2sca_DC,l2sca_CT,l2sca_CP,l2sca_CN,l2sca_MLS,l2sca_MLT,l2sca_MLC,l2sca_C/S,l2sca_VP/T,l2sca_C/T,l2sca_DC/C,l2sca_DC/T,l2sca_T/S,l2sca_CT/T,l2sca_CP/T,l2sca_CP/C,l2sca_CN/T,l2sca_CN/C,lca_wordtypes,lca_swordtypes,lca_lextypes,lca_slextypes,lca_wordtokens,lca_swordtokens,lca_lextokens,lca_slextokens,lca_ld,lca_ls1,lca_ls2,lca_vs1,lca_vs2,lca_cvs1,lca_ndw,lca_ndwz,lca_ndwerz,lca_ndwesz,lca_ttr,lca_msttr,lca_cttr,lca_rttr,lca_logttr,lca_uber,lca_lv,lca_vv1,lca_svv1,lca_cvv1,lca_vv2,lca_nv,lca_adjv,lca_advv,lca_modv
0.03895549339115335,0.010379464550257744,0.02079156665590385,0.042108845837675934,0.008416936649079455,0.0,0.01335082645760186,0.008662845827489251,0.0007946423791427078,0.013180659599093845,0.0032641706441958454,0.01562145623553855,0.011439518968050757,0.008195430545965212,0.01037467118013573,0.019849420019866625,0.008511025033765959,0.01511219099807388,0.012478408077626128,0.04670302043964321,0.014583314553528714,0.0009315735610703564,0.005997520350957029,0.012333292896026275,0.0230599749013465,0.012079276579431853,0.04979899454244481,0.004729401547440358,0.010037330154754432,0.009301046372242546,0.008417673119564699,0.013492532400622256,0.010437243302060127,0.018337616869455193,0.008674984535992662,0.027656071862293137,0.023525810323788955,0.024106065278979245,0.020802739524332748,0.01681179097718149,0.015016355552111487,0.005384433290548112,0.008348498634161015,0.011683394465669584,0.016361344504887607,0.01626015616981421,0.015464216201225433,0.011162559501032659,0.011466387477444183,0.006064557349488491,0.023332962238530257,0.02689409811848003,0.022674322207130948,0.019165133569811487,0.015731099753279305,0.030529371950290457,0.02538040098267467,0.0313371809382257,0.028163024156679782,0.03627565579474133
