ttr,words_per_t_unit,words_per_clauses,flesch_reading_ease,l2sca_W,l2sca_S,l2sca_VP,l2sca_C,l2sca_T,l2sca_DC,l2sca_CT,l2sca_CP,l2sca_CN,l2sca_MLS,l2sca_MLT,l2sca_MLC,l2sca_C/S,l2sca_VP/T,l2sca_C/T,l2sca_DC/C,l2sca_DC/T,l2sca_T/S,l2sca_CT/T,l2sca_CP/T,l2sca_CP/C,l2sca_CN/T,l2sca_CN/C,lca_wordtypes,lca_swordtypes,lca_lextypes,lca_slextypes,lca_wordtokens,lca_swordtokens,lca_lextokens,lca_slextokens,lca_ld,lca_ls1,lca_ls2,lca_vs1,lca_vs2,lca_cvs1,lca_ndw,lca_ndwz,lca_ndwerz,lca_ndwesz,lca_ttr,lca_msttr,lca_cttr,lca_rttr,lca_logttr,lca_uber,lca_lv,lca_vv1,lca_svv1,lca_cvv1,lca_vv2,lca_nv,lca_adjv,lca_advv,lca_modv
0.047372740933027534,0.011387410507308331,0.01869664398517166,0.032574741854849765,0.009562705016447608,0.0,0.012403956747669113,0.0059385417220806135,0.002360284475145619,0.014131105565185037,0.005751900173563701,0.00952461585041518,0.016947252721378127,0.009160059835066047,0.011240868968733542,0.018092910656424575,0.005472267204994376,0.01929695166341973,0.008754220919445534,0.03340446834969768,0.015538359329129859,0.0020859734860331435,0.0040204288925886995,0.011037105252646978,0.02938341603510435,0.015377883888083704,0.025934743490081492,0.004561473104282792,0.010646144666663568,0.009900779747026509,0.011441964038509781,0.015568584888452728,0.014563606108574831,0.014250475876117089,0.014198007294144813,0.036238930778049815,0.05324923891428629,0.03423653398433795,0.018148563275107825,0.015195206727527905,0.014087926866689707,0.004600907178465377,0.008369712260720388,0.01161443228162624,0.01474502175248521,0.012709801321924568,0.013829860649883546,0.011635930499662961,0.011898255664375865,0.0060903069945177635,0.024104651275857654,0.016267279143819577,0.021812129661308268,0.018730420544485156,0.016926522989224098,0.03265504794691852,0.02620089975052667,0.027151828700845315,0.02644735744393712,0.0324706401459521
