ttr,words_per_t_unit,words_per_clauses,flesch_reading_ease,l2sca_W,l2sca_S,l2sca_VP,l2sca_C,l2sca_T,l2sca_DC,l2sca_CT,l2sca_CP,l2sca_CN,l2sca_MLS,l2sca_MLT,l2sca_MLC,l2sca_C/S,l2sca_VP/T,l2sca_C/T,l2sca_DC/C,l2sca_DC/T,l2sca_T/S,l2sca_CT/T,l2sca_CP/T,l2sca_CP/C,l2sca_CN/T,l2sca_CN/C,lca_wordtypes,lca_swordtypes,lca_lextypes,lca_slextypes,lca_wordtokens,lca_swordtokens,lca_lextokens,lca_slextokens,lca_ld,lca_ls1,lca_ls2,lca_vs1,lca_vs2,lca_cvs1,lca_ndw,lca_ndwz,lca_ndwerz,lca_ndwesz,lca_ttr,lca_msttr,lca_cttr,lca_rttr,lca_logttr,lca_uber,lca_lv,lca_vv1,lca_svv1,lca_cvv1,lca_vv2,lca_nv,lca_adjv,lca_advv,lca_modv
0.07499045139534603,0.01431527357468354,0.02153209585061829,0.04515814108630735,0.013139535843985879,0.0,0.009611605327451273,0.005761498217619348,0.0007186709638241559,0.007175286830509367,0.0026176407565747994,0.008358915368432864,0.01399424649919758,0.010300056440704123,0.015069235040759337,0.021677386410081833,0.0060240195391857215,0.014128364050061354,0.010796483179191317,0.023928780473616386,0.010885382854326,0.0008304250716242573,0.005689742670681175,0.007868627456631428,0.019288909207358845,0.017110035499562755,0.04215893625367238,0.00549510743918964,0.009380323081021309,0.010790063346998868,0.010952558591437313,0.017579260548672707,0.01515253526705059,0.015032930921703847,0.01534663623855358,0.03301211710447151,0.026115421141880528,0.023853738497151913,0.015104147236889475,0.013376525609894819,0.011965068956658133,0.005115374591627716,0.007165157966548949,0.009037110798854091,0.013219008861420228,0.014979021586923196,0.020104487697278798,0.014330458570110106,0.013759027522013667,0.005367829135079369,0.0406261043765559,0.02013719312293933,0.016406133347920716,0.013547036012814536,0.012670156174155211,0.024307696068013893,0.02502996587945507,0.026236512032288373,0.023610935839187736,0.048064610573231484
