ttr,words_per_t_unit,words_per_clauses,flesch_reading_ease,l2sca_W,l2sca_S,l2sca_VP,l2sca_C,l2sca_T,l2sca_DC,l2sca_CT,l2sca_CP,l2sca_CN,l2sca_MLS,l2sca_MLT,l2sca_MLC,l2sca_C/S,l2sca_VP/T,l2sca_C/T,l2sca_DC/C,l2sca_DC/T,l2sca_T/S,l2sca_CT/T,l2sca_CP/T,l2sca_CP/C,l2sca_CN/T,l2sca_CN/C,lca_wordtypes,lca_swordtypes,lca_lextypes,lca_slextypes,lca_wordtokens,lca_swordtokens,lca_lextokens,lca_slextokens,lca_ld,lca_ls1,lca_ls2,lca_vs1,lca_vs2,lca_cvs1,lca_ndw,lca_ndwz,lca_ndwerz,lca_ndwesz,lca_ttr,lca_msttr,lca_cttr,lca_rttr,lca_logttr,lca_uber,lca_lv,lca_vv1,lca_svv1,lca_cvv1,lca_vv2,lca_nv,lca_adjv,lca_advv,lca_modv
0.03810081108105544,0.0172236238848552,0.02607287896937548,0.03584326722488581,0.006922278382798375,0.0,0.01810931120333268,0.007393609353646011,0.0008463527679259564,0.019578399799168263,0.007182814323088668,0.005438532958717436,0.014745626336214717,0.00796817108397603,0.015412101852716936,0.02497084882761928,0.007791674584668016,0.014414848120684115,0.014110541217771402,0.04082239614354503,0.01357926748490849,0.0010760559586130251,0.015163770246930146,0.007136554139426585,0.024890736162990396,0.014975993592310935,0.03407702534489385,0.005230640768662226,0.010379279892140542,0.018982643554711874,0.012398386780450105,0.01086440245508428,0.011025810371493876,0.010777838761565215,0.010583993458523564,0.03914558165209592,0.04800780495300918,0.021663836602849585,0.019530994992487272,0.012661219284122314,0.012252991242738199,0.006114154046064586,0.014737642777428051,0.015011496514818043,0.01674674295131968,0.010282292785471174,0.00860788545315298,0.012183789357965071,0.012943788406654583,0.005444284315685822,0.015107723133949421,0.022756902868518336,0.025751876774780864,0.01373895895162996,0.01346135639802958,0.0284917144773529,0.02420012474139505,0.017783920460069186,0.025557070246051094,0.033725359523611206
