ttr,words_per_t_unit,words_per_clauses,flesch_reading_ease,l2sca_W,l2sca_S,l2sca_VP,l2sca_C,l2sca_T,l2sca_DC,l2sca_CT,l2sca_CP,l2sca_CN,l2sca_MLS,l2sca_MLT,l2sca_MLC,l2sca_C/S,l2sca_VP/T,l2sca_C/T,l2sca_DC/C,l2sca_DC/T,l2sca_T/S,l2sca_CT/T,l2sca_CP/T,l2sca_CP/C,l2sca_CN/T,l2sca_CN/C,lca_wordtypes,lca_swordtypes,lca_lextypes,lca_slextypes,lca_wordtokens,lca_swordtokens,lca_lextokens,lca_slextokens,lca_ld,lca_ls1,lca_ls2,lca_vs1,lca_vs2,lca_cvs1,lca_ndw,lca_ndwz,lca_ndwerz,lca_ndwesz,lca_ttr,lca_msttr,lca_cttr,lca_rttr,lca_logttr,lca_uber,lca_lv,lca_vv1,lca_svv1,lca_cvv1,lca_vv2,lca_nv,lca_adjv,lca_advv,lca_modv
0.03717325110608224,0.01813541896421473,0.024709264272622454,0.02173685959490419,0.007613432743963225,0.0,0.018904158865149606,0.008273483943967538,0.0025243723791058188,0.012443856320170265,0.013215070038261029,0.005851324888548357,0.016674955263722882,0.007899335403113165,0.01953398125165473,0.02571554867408903,0.007455034977603037,0.018250668195759125,0.012391414838359415,0.02499943871569943,0.013106171191244752,0.0029665473628994084,0.009254019692836126,0.008830787618326235,0.02269596262370649,0.033282155905972124,0.031226286425266637,0.005828563150272586,0.021107166208239304,0.014625503078896462,0.016682947947506997,0.01054981533792105,0.012991127448333395,0.01511990345915255,0.010472466354644536,0.050705348912587565,0.022739558847047196,0.028667003754484482,0.01797354384842407,0.015197634403830146,0.015211103685589745,0.006422758352037023,0.010923670107706486,0.019850855176809346,0.018036889625592394,0.023269399068693276,0.012047118409425382,0.012823953320275324,0.01640129670672638,0.0064358260528256245,0.021158389523191403,0.015545823293646871,0.015137447656515266,0.013278306999818534,0.011922636089665945,0.021176737430811655,0.029471003148139406,0.022698368957593647,0.020951988508563717,0.019713043877790166
