ttr,words_per_t_unit,words_per_clauses,flesch_reading_ease,l2sca,lca
0.03895549339115335,0.010379464550257744,0.02079156665590385,0.042108845837675934,0.31473917044007454,0.5730254591249346
