ttr,words_per_t_unit,words_per_clauses,flesch_reading_ease,l2sca,lca
0.07499045139534603,0.01431527357468354,0.02153209585061829,0.04515814108630735,0.26713378395505216,0.5768702541379928
