ttr,words_per_t_unit,words_per_clauses,flesch_reading_ease,l2sca,lca
0.03810081108105544,0.0172236238848552,0.02607287896937548,0.03584326722488581,0.3166069098859463,0.5661525089538818
