ttr,words_per_t_unit,words_per_clauses,flesch_reading_ease,l2sca,lca
0.03717325110608224,0.01813541896421473,0.024709264272622454,0.02173685959490419,0.3231080073194184,0.575137198742758
