ttr,words_per_t_unit,words_per_clauses,flesch_reading_ease,l2sca,lca
0.047372740933027534,0.011387410507308331,0.01869664398517166,0.032574741854849765,0.2854200202433347,0.604548442476308
