ttr,words_per_t_unit,words_per_clauses,flesch_reading_ease,l2sca,lca
0.028509757578165724,0.02136331484676885,0.024916330734151053,0.021150303342095535,0.3442783834662026,0.5597819100326162
