result_appliances,result_fashion,result_luxury_beauty,result_prime,result_software,result_music
1.804446832899823e-05,0.015509205437336707,0.029022950784210185,0.00575017377311484,0.00951070745178368,0.033509275126671
